,loss,amp_loss,phi_loss,noise,PSNR
0,0.9999999403953552,0.9999999403953552,0.9999999403953552,0.0,149.417
1,1.000004768371582,0.9999999403953552,1.000004768371582,0.001,60.2455
2,1.000026822090149,0.9999999403953552,1.000026822090149,0.002,54.5044
3,1.0000704526901245,0.9999999403953552,1.0000704526901245,0.003,51.5605
4,1.0001440048217773,0.9999999403953552,1.0001440048217773,0.004,47.8237
5,1.000280499458313,0.9999999403953552,1.000280499458313,0.005,45.1679
6,1.0004514455795288,0.9999999403953552,1.0004514455795288,0.006,42.4492
7,1.0006837844848633,0.9999999403953552,1.0006837844848633,0.007,37.7401
8,1.0009260177612305,0.9999999403953552,1.0009260177612305,0.008,37.1177
9,1.0012707710266113,0.9999999403953552,1.0012707710266113,0.009,38.6309
10,1.0017091035842896,0.9999999403953552,1.0017091035842896,0.01,36.3113
11,1.0022650957107544,0.9999999403953552,1.0022650957107544,0.011,35.4014
12,1.0029126405715942,0.9999999403953552,1.0029126405715942,0.012,33.3371
13,1.0036015510559082,0.9999999403953552,1.0036015510559082,0.013,31.7671
14,1.004289984703064,0.9999999403953552,1.004289984703064,0.014,31.785
15,1.0054616928100586,0.9999999403953552,1.0054616928100586,0.015,30.6889
16,1.0063285827636719,0.9999999403953552,1.0063285827636719,0.016,30.1643
17,1.0076109170913696,0.9999999403953552,1.0076109170913696,0.017,28.1116
18,1.0090380907058716,0.9999999403953552,1.0090380907058716,0.018,27.0457
19,1.0104140043258667,0.9999999403953552,1.0104140043258667,0.019,26.62
20,1.0118964910507202,0.9999999403953552,1.0118964910507202,0.02,26.1592
21,1.014490008354187,0.9999999403953552,1.014490008354187,0.021,26.0484
22,1.0164177417755127,0.9999999403953552,1.0164177417755127,0.022,25.4598
23,1.01836359500885,0.9999999403953552,1.01836359500885,0.023,24.7084
24,1.0220519304275513,0.9999999403953552,1.0220519304275513,0.024,24.3686
25,1.0254908800125122,0.9999999403953552,1.0254908800125122,0.025,24.6164
26,1.0286026000976562,0.9999999403953552,1.0286026000976562,0.026,24.3646
27,1.0314511060714722,0.9999999403953552,1.0314511060714722,0.027,24.5937
28,1.0363454818725586,0.9999999403953552,1.0363454818725586,0.028,23.9302
29,1.0411690473556519,0.9999999403953552,1.0411690473556519,0.029,23.3276
30,1.0456188917160034,0.9999999403953552,1.0456188917160034,0.03,23.0373
31,1.05012845993042,0.9999999403953552,1.05012845993042,0.031,22.2436
32,1.0523933172225952,0.9999999403953552,1.0523933172225952,0.032,22.3298
33,1.0565401315689087,0.9999999403953552,1.0565401315689087,0.033,22.5488
34,1.0630371570587158,0.9999999403953552,1.0630371570587158,0.034,22.2413
35,1.0682965517044067,0.9999999403953552,1.0682965517044067,0.035,21.9441
36,1.0784306526184082,0.9999999403953552,1.0784306526184082,0.036,20.4748
37,1.0902560949325562,0.9999999403953552,1.0902560949325562,0.037,19.8933
38,1.097151756286621,0.9999999403953552,1.097151756286621,0.038,19.5247
39,1.0978230237960815,0.9999999403953552,1.0978230237960815,0.039,19.0837
40,1.10450279712677,0.9999999403953552,1.10450279712677,0.04,18.9337
41,1.112802505493164,0.9999999403953552,1.112802505493164,0.041,17.8022
42,1.1213690042495728,0.9999999403953552,1.1213690042495728,0.042,18.0318
43,1.128864049911499,0.9999999403953552,1.128864049911499,0.043,17.9386
44,1.1343886852264404,0.9999999403953552,1.1343886852264404,0.044,18.5357
45,1.1415157318115234,0.9999999403953552,1.1415157318115234,0.045,18.6091
46,1.1498035192489624,0.9999999403953552,1.1498035192489624,0.046,18.7635
47,1.1542963981628418,0.9999999403953552,1.1542963981628418,0.047,18.1801
48,1.1665794849395752,0.9999999403953552,1.1665794849395752,0.048,17.6659
49,1.1755516529083252,0.9999999403953552,1.1755516529083252,0.049,17.1357
50,1.181230902671814,0.9999999403953552,1.181230902671814,0.05,17.4129
51,1.1870023012161255,0.9999999403953552,1.1870023012161255,0.051,17.4857
52,1.1994667053222656,0.9999999403953552,1.1994667053222656,0.052,17.3649
53,1.204442024230957,0.9999999403953552,1.204442024230957,0.053,17.1045
54,1.2132810354232788,0.9999999403953552,1.2132810354232788,0.054,16.3329
55,1.2290446758270264,0.9999999403953552,1.2290446758270264,0.055,16.276
56,1.2364497184753418,0.9999999403953552,1.2364497184753418,0.056,16.0548
57,1.2521607875823975,0.9999999403953552,1.2521607875823975,0.057,15.915
58,1.2616664171218872,0.9999999403953552,1.2616664171218872,0.058,16.5423
59,1.278961420059204,0.9999999403953552,1.278961420059204,0.059,16.1479
60,1.2996938228607178,0.9999999403953552,1.2996938228607178,0.06,16.0122
61,1.3109344244003296,0.9999999403953552,1.3109344244003296,0.061,15.0111
62,1.31864595413208,0.9999999403953552,1.31864595413208,0.062,14.8107
63,1.3422819375991821,0.9999999403953552,1.3422819375991821,0.063,14.8496
64,1.3563966751098633,0.9999999403953552,1.3563966751098633,0.064,15.0
65,1.3579535484313965,0.9999999403953552,1.3579535484313965,0.065,14.9326
66,1.3771097660064697,0.9999999403953552,1.3771097660064697,0.066,14.6293
67,1.389696478843689,0.9999999403953552,1.389696478843689,0.067,14.9146
68,1.4041789770126343,0.9999999403953552,1.4041789770126343,0.068,14.3758
69,1.4183536767959595,0.9999999403953552,1.4183536767959595,0.069,14.2064
70,1.4386402368545532,0.9999999403953552,1.4386402368545532,0.07,13.6871
71,1.4488890171051025,0.9999999403953552,1.4488890171051025,0.071,13.5943
72,1.471010684967041,0.9999999403953552,1.471010684967041,0.072,13.4431
73,1.487961769104004,0.9999999403953552,1.487961769104004,0.073,12.9799
74,1.4829243421554565,0.9999999403953552,1.4829243421554565,0.074,13.017
75,1.497575283050537,0.9999999403953552,1.497575283050537,0.075,12.6345
76,1.5086885690689087,0.9999999403953552,1.5086885690689087,0.076,12.7893
77,1.514224886894226,0.9999999403953552,1.514224886894226,0.077,12.6658
78,1.5263127088546753,0.9999999403953552,1.5263127088546753,0.078,12.6312
79,1.5295519828796387,0.9999999403953552,1.5295519828796387,0.079,12.5557
80,1.5585484504699707,0.9999999403953552,1.5585484504699707,0.08,12.3648
81,1.572844386100769,0.9999999403953552,1.572844386100769,0.081,12.3338
82,1.5787121057510376,0.9999999403953552,1.5787121057510376,0.082,12.3961
83,1.5833181142807007,0.9999999403953552,1.5833181142807007,0.083,12.4234
84,1.5933815240859985,0.9999999403953552,1.5933815240859985,0.084,12.2666
85,1.6073181629180908,0.9999999403953552,1.6073181629180908,0.085,12.3543
86,1.6120412349700928,0.9999999403953552,1.6120412349700928,0.086,12.3086
87,1.6269878149032593,0.9999999403953552,1.6269878149032593,0.087,12.3975
88,1.635075569152832,0.9999999403953552,1.635075569152832,0.088,12.316
89,1.6676820516586304,0.9999999403953552,1.6676820516586304,0.089,12.1235
90,1.661746621131897,0.9999999403953552,1.661746621131897,0.09,12.0662
91,1.6643027067184448,0.9999999403953552,1.6643027067184448,0.091,12.0154
92,1.6786314249038696,0.9999999403953552,1.6786314249038696,0.092,12.1218
93,1.6907018423080444,0.9999999403953552,1.6907018423080444,0.093,12.3324
94,1.6876530647277832,0.9999999403953552,1.6876530647277832,0.094,12.2195
95,1.692497730255127,0.9999999403953552,1.692497730255127,0.095,12.1676
96,1.706119179725647,0.9999999403953552,1.706119179725647,0.096,11.7808
97,1.7144348621368408,0.9999999403953552,1.7144348621368408,0.097,11.5767
98,1.7293342351913452,0.9999999403953552,1.7293342351913452,0.098,11.7435
99,1.7436752319335938,0.9999999403953552,1.7436752319335938,0.099,11.9291
100,1.7664254903793335,0.9999999403953552,1.7664254903793335,0.1,11.8827
101,1.7887338399887085,0.9999999403953552,1.7887338399887085,0.101,11.7853
102,1.7964454889297485,0.9999999403953552,1.7964454889297485,0.102,11.5764
103,1.7980390787124634,0.9999999403953552,1.7980390787124634,0.103,11.7454
104,1.84589421749115,0.9999999403953552,1.84589421749115,0.104,11.6811
105,1.8456922769546509,0.9999999403953552,1.8456922769546509,0.105,11.8261
106,1.8548425436019897,0.9999999403953552,1.8548425436019897,0.106,11.6425
107,1.8630003929138184,0.9999999403953552,1.8630003929138184,0.107,11.7184
108,1.8675446510314941,0.9999999403953552,1.8675446510314941,0.108,11.7096
109,1.8738683462142944,0.9999999403953552,1.8738683462142944,0.109,11.5915
110,1.8842015266418457,0.9999999403953552,1.8842015266418457,0.11,11.5841
111,1.877685785293579,0.9999999403953552,1.877685785293579,0.111,11.5288
112,1.8869857788085938,0.9999999403953552,1.8869857788085938,0.112,11.5
113,1.8834415674209595,0.9999999403953552,1.8834415674209595,0.113,11.4479
114,1.8806332349777222,0.9999999403953552,1.8806332349777222,0.114,11.4122
115,1.89165461063385,0.9999999403953552,1.89165461063385,0.115,11.383
116,1.923118233680725,0.9999999403953552,1.923118233680725,0.116,11.354
117,1.9404253959655762,0.9999999403953552,1.9404253959655762,0.117,11.3566
118,1.9591044187545776,0.9999999403953552,1.9591044187545776,0.118,11.3624
119,1.9608756303787231,0.9999999403953552,1.9608756303787231,0.119,11.3624
120,1.972442388534546,0.9999999403953552,1.972442388534546,0.12,11.3948
121,1.9792497158050537,0.9999999403953552,1.9792497158050537,0.121,11.3577
122,1.975115180015564,0.9999999403953552,1.975115180015564,0.122,11.3667
123,1.975813865661621,0.9999999403953552,1.975813865661621,0.123,11.3678
124,1.9732394218444824,0.9999999403953552,1.9732394218444824,0.124,11.3666
125,1.974672555923462,0.9999999403953552,1.974672555923462,0.125,11.3524
126,2.005756378173828,0.9999999403953552,2.005756378173828,0.126,11.3618
127,1.992037296295166,0.9999999403953552,1.992037296295166,0.127,11.3711
128,2.0014209747314453,0.9999999403953552,2.0014209747314453,0.128,11.4408
129,1.9885042905807495,0.9999999403953552,1.9885042905807495,0.129,11.4578
130,1.9964579343795776,0.9999999403953552,1.9964579343795776,0.13,11.436
131,2.0115606784820557,0.9999999403953552,2.0115606784820557,0.131,11.4478
132,2.0196869373321533,0.9999999403953552,2.0196869373321533,0.132,11.3787
133,2.0332326889038086,0.9999999403953552,2.0332326889038086,0.133,11.3523
134,2.0406954288482666,0.9999999403953552,2.0406954288482666,0.134,11.354
135,2.057203531265259,0.9999999403953552,2.057203531265259,0.135,11.3655
136,2.073162078857422,0.9999999403953552,2.073162078857422,0.136,11.3957
137,2.0399162769317627,0.9999999403953552,2.0399162769317627,0.137,11.4114
138,2.0343034267425537,0.9999999403953552,2.0343034267425537,0.138,11.3524
139,2.0515081882476807,0.9999999403953552,2.0515081882476807,0.139,11.3636
140,2.043887138366699,0.9999999403953552,2.043887138366699,0.14,11.3715
141,2.0619583129882812,0.9999999403953552,2.0619583129882812,0.141,11.3903
142,2.0436651706695557,0.9999999403953552,2.0436651706695557,0.142,11.3662
143,2.0318450927734375,0.9999999403953552,2.0318450927734375,0.143,11.3526
144,2.018126964569092,0.9999999403953552,2.018126964569092,0.144,11.3556
145,2.021277904510498,0.9999999403953552,2.021277904510498,0.145,11.3721
146,2.019352674484253,0.9999999403953552,2.019352674484253,0.146,11.3982
147,2.0309057235717773,0.9999999403953552,2.0309057235717773,0.147,11.3541
148,2.0425262451171875,0.9999999403953552,2.0425262451171875,0.148,11.3532
149,2.074185848236084,0.9999999403953552,2.074185848236084,0.149,11.3818
150,2.0519180297851562,0.9999999403953552,2.0519180297851562,0.15,11.5202
151,2.0034124851226807,0.9999999403953552,2.0034124851226807,0.151,11.4563
152,1.9946305751800537,0.9999999403953552,1.9946305751800537,0.152,11.5186
153,2.0294411182403564,0.9999999403953552,2.0294411182403564,0.153,11.7095
154,2.000227928161621,0.9999999403953552,2.000227928161621,0.154,11.3973
155,1.9932276010513306,0.9999999403953552,1.9932276010513306,0.155,11.4252
156,1.9934152364730835,0.9999999403953552,1.9934152364730835,0.156,11.4554
157,1.9792519807815552,0.9999999403953552,1.9792519807815552,0.157,11.5424
158,1.9996989965438843,0.9999999403953552,1.9996989965438843,0.158,11.6134
159,2.0308995246887207,0.9999999403953552,2.0308995246887207,0.159,11.4784
160,1.999593734741211,0.9999999403953552,1.999593734741211,0.16,11.4097
161,2.015230417251587,0.9999999403953552,2.015230417251587,0.161,11.4463
162,2.037260055541992,0.9999999403953552,2.037260055541992,0.162,11.3878
163,2.0270278453826904,0.9999999403953552,2.0270278453826904,0.163,11.3686
164,2.036768913269043,0.9999999403953552,2.036768913269043,0.164,11.4765
165,2.052161693572998,0.9999999403953552,2.052161693572998,0.165,11.4199
166,2.0646755695343018,0.9999999403953552,2.0646755695343018,0.166,11.4143
167,2.0545315742492676,0.9999999403953552,2.0545315742492676,0.167,11.3585
168,2.057401657104492,0.9999999403953552,2.057401657104492,0.168,11.3744
169,2.032231092453003,0.9999999403953552,2.032231092453003,0.169,11.3642
170,2.003232955932617,0.9999999403953552,2.003232955932617,0.17,11.4592
171,2.0208215713500977,0.9999999403953552,2.0208215713500977,0.171,11.3637
172,1.9972211122512817,0.9999999403953552,1.9972211122512817,0.172,11.3637
173,1.994279146194458,0.9999999403953552,1.994279146194458,0.173,11.4581
174,1.9823154211044312,0.9999999403953552,1.9823154211044312,0.174,11.5752
175,1.9872692823410034,0.9999999403953552,1.9872692823410034,0.175,11.601
176,1.9683892726898193,0.9999999403953552,1.9683892726898193,0.176,11.4144
177,1.9660781621932983,0.9999999403953552,1.9660781621932983,0.177,11.4102
178,1.9748992919921875,0.9999999403953552,1.9748992919921875,0.178,11.3525
179,1.9644432067871094,0.9999999403953552,1.9644432067871094,0.179,11.4242
180,1.9706090688705444,0.9999999403953552,1.9706090688705444,0.18,11.3653
181,1.9970569610595703,0.9999999403953552,1.9970569610595703,0.181,11.3566
182,2.0081050395965576,0.9999999403953552,2.0081050395965576,0.182,11.3523
183,2.0054731369018555,0.9999999403953552,2.0054731369018555,0.183,11.3522
184,1.9947670698165894,0.9999999403953552,1.9947670698165894,0.184,11.3843
185,1.9948869943618774,0.9999999403953552,1.9948869943618774,0.185,11.3535
186,1.994123935699463,0.9999999403953552,1.994123935699463,0.186,11.3571
187,1.9865272045135498,0.9999999403953552,1.9865272045135498,0.187,11.3558
188,1.974761724472046,0.9999999403953552,1.974761724472046,0.188,11.3557
189,1.9634826183319092,0.9999999403953552,1.9634826183319092,0.189,11.3559
190,1.987459659576416,0.9999999403953552,1.987459659576416,0.19,11.3773
191,2.0066518783569336,0.9999999403953552,2.0066518783569336,0.191,11.4205
192,1.988834261894226,0.9999999403953552,1.988834261894226,0.192,11.3901
193,1.958080768585205,0.9999999403953552,1.958080768585205,0.193,11.4389
194,1.9848002195358276,0.9999999403953552,1.9848002195358276,0.194,11.5072
195,1.9862276315689087,0.9999999403953552,1.9862276315689087,0.195,11.4526
196,1.9774235486984253,0.9999999403953552,1.9774235486984253,0.196,11.3549
197,1.9791476726531982,0.9999999403953552,1.9791476726531982,0.197,11.3574
198,1.9569239616394043,0.9999999403953552,1.9569239616394043,0.198,11.3524
199,1.9785908460617065,0.9999999403953552,1.9785908460617065,0.199,11.3776
200,2.0395994186401367,0.9999999403953552,2.0395994186401367,0.2,11.363
201,2.0498886108398438,0.9999999403953552,2.0498886108398438,0.201,11.4343
202,2.0400965213775635,0.9999999403953552,2.0400965213775635,0.202,11.5398
203,2.0273191928863525,0.9999999403953552,2.0273191928863525,0.203,11.4914
204,2.0433568954467773,0.9999999403953552,2.0433568954467773,0.204,11.4494
205,2.0054688453674316,0.9999999403953552,2.0054688453674316,0.205,11.3569
206,2.007784843444824,0.9999999403953552,2.007784843444824,0.206,11.354
207,1.9782549142837524,0.9999999403953552,1.9782549142837524,0.207,11.4046
208,2.0065810680389404,0.9999999403953552,2.0065810680389404,0.208,11.3616
209,1.9882240295410156,0.9999999403953552,1.9882240295410156,0.209,11.3528
210,1.9598995447158813,0.9999999403953552,1.9598995447158813,0.21,11.3674
211,1.9876559972763062,0.9999999403953552,1.9876559972763062,0.211,11.4124
212,1.9912834167480469,0.9999999403953552,1.9912834167480469,0.212,11.3576
213,1.9689915180206299,0.9999999403953552,1.9689915180206299,0.213,11.3618
214,1.9825241565704346,0.9999999403953552,1.9825241565704346,0.214,11.3833
215,2.002680540084839,0.9999999403953552,2.002680540084839,0.215,11.4505
216,2.018075942993164,0.9999999403953552,2.018075942993164,0.216,11.4189
217,1.9793070554733276,0.9999999403953552,1.9793070554733276,0.217,11.6122
218,1.9679222106933594,0.9999999403953552,1.9679222106933594,0.218,11.4839
219,2.0052011013031006,0.9999999403953552,2.0052011013031006,0.219,11.3559
220,1.989823818206787,0.9999999403953552,1.989823818206787,0.22,11.36
221,1.9982857704162598,0.9999999403953552,1.9982857704162598,0.221,11.3695
222,2.0160887241363525,0.9999999403953552,2.0160887241363525,0.222,11.393
223,1.991777777671814,0.9999999403953552,1.991777777671814,0.223,11.4899
224,2.0213561058044434,0.9999999403953552,2.0213561058044434,0.224,11.3623
225,2.0172650814056396,0.9999999403953552,2.0172650814056396,0.225,11.3629
226,1.9956530332565308,0.9999999403953552,1.9956530332565308,0.226,11.3919
227,2.058668375015259,0.9999999403953552,2.058668375015259,0.227,11.3664
228,2.073774814605713,0.9999999403953552,2.073774814605713,0.228,11.3548
229,2.0725913047790527,0.9999999403953552,2.0725913047790527,0.229,11.4179
230,2.0635790824890137,0.9999999403953552,2.0635790824890137,0.23,11.4321
231,2.048426866531372,0.9999999403953552,2.048426866531372,0.231,11.3817
232,2.046445846557617,0.9999999403953552,2.046445846557617,0.232,11.419
233,2.0133917331695557,0.9999999403953552,2.0133917331695557,0.233,11.3623
234,2.0360536575317383,0.9999999403953552,2.0360536575317383,0.234,11.5562
235,2.0239622592926025,0.9999999403953552,2.0239622592926025,0.235,11.6448
236,2.0036442279815674,0.9999999403953552,2.0036442279815674,0.236,11.5694
237,1.9985454082489014,0.9999999403953552,1.9985454082489014,0.237,11.4526
238,2.0383245944976807,0.9999999403953552,2.0383245944976807,0.238,11.5888
239,2.0677146911621094,0.9999999403953552,2.0677146911621094,0.239,11.6095
240,2.064727544784546,0.9999999403953552,2.064727544784546,0.24,11.5622
241,2.024871587753296,0.9999999403953552,2.024871587753296,0.241,11.4641
242,2.0171689987182617,0.9999999403953552,2.0171689987182617,0.242,11.375
243,1.9837032556533813,0.9999999403953552,1.9837032556533813,0.243,11.3832
244,1.9705827236175537,0.9999999403953552,1.9705827236175537,0.244,11.3544
245,1.9500432014465332,0.9999999403953552,1.9500432014465332,0.245,11.3739
246,1.9637361764907837,0.9999999403953552,1.9637361764907837,0.246,11.3562
247,1.9858869314193726,0.9999999403953552,1.9858869314193726,0.247,11.3523
248,2.003584861755371,0.9999999403953552,2.003584861755371,0.248,11.3556
249,2.0510406494140625,0.9999999403953552,2.0510406494140625,0.249,11.363
250,2.019254684448242,0.9999999403953552,2.019254684448242,0.25,11.3613
251,2.031378746032715,0.9999999403953552,2.031378746032715,0.251,11.3638
252,2.017833948135376,0.9999999403953552,2.017833948135376,0.252,11.3573
253,2.023960828781128,0.9999999403953552,2.023960828781128,0.253,11.3523
254,2.076277017593384,0.9999999403953552,2.076277017593384,0.254,11.3558
255,2.0208816528320312,0.9999999403953552,2.0208816528320312,0.255,11.3753
256,1.9923923015594482,0.9999999403953552,1.9923923015594482,0.256,11.3583
257,2.0100934505462646,0.9999999403953552,2.0100934505462646,0.257,11.3541
258,2.0269346237182617,0.9999999403953552,2.0269346237182617,0.258,11.3778
259,2.0542633533477783,0.9999999403953552,2.0542633533477783,0.259,11.3892
260,2.068838596343994,0.9999999403953552,2.068838596343994,0.26,11.3736
261,2.0710878372192383,0.9999999403953552,2.0710878372192383,0.261,11.3704
262,2.0670254230499268,0.9999999403953552,2.0670254230499268,0.262,11.4007
263,2.0386674404144287,0.9999999403953552,2.0386674404144287,0.263,11.4568
264,2.0362508296966553,0.9999999403953552,2.0362508296966553,0.264,11.3878
265,2.032426118850708,0.9999999403953552,2.032426118850708,0.265,11.5384
266,2.039369821548462,0.9999999403953552,2.039369821548462,0.266,11.4268
267,2.012570858001709,0.9999999403953552,2.012570858001709,0.267,11.4396
268,2.0123848915100098,0.9999999403953552,2.0123848915100098,0.268,11.522
269,1.9889683723449707,0.9999999403953552,1.9889683723449707,0.269,11.4192
270,1.9953538179397583,0.9999999403953552,1.9953538179397583,0.27,11.3769
271,1.9843096733093262,0.9999999403953552,1.9843096733093262,0.271,11.3664
272,1.9874229431152344,0.9999999403953552,1.9874229431152344,0.272,11.4347
273,1.9711920022964478,0.9999999403953552,1.9711920022964478,0.273,11.5387
274,1.92609703540802,0.9999999403953552,1.92609703540802,0.274,11.5171
275,1.9286837577819824,0.9999999403953552,1.9286837577819824,0.275,11.5997
276,1.9932667016983032,0.9999999403953552,1.9932667016983032,0.276,11.4461
277,2.0224149227142334,0.9999999403953552,2.0224149227142334,0.277,11.3813
278,1.9912196397781372,0.9999999403953552,1.9912196397781372,0.278,11.3538
279,1.982709527015686,0.9999999403953552,1.982709527015686,0.279,11.3576
280,2.0059266090393066,0.9999999403953552,2.0059266090393066,0.28,11.4361
281,2.0225095748901367,0.9999999403953552,2.0225095748901367,0.281,11.3566
282,2.014782190322876,0.9999999403953552,2.014782190322876,0.282,11.3534
283,1.9940199851989746,0.9999999403953552,1.9940199851989746,0.283,11.5074
284,2.0085415840148926,0.9999999403953552,2.0085415840148926,0.284,11.5063
285,1.9917699098587036,0.9999999403953552,1.9917699098587036,0.285,11.3522
286,2.0105414390563965,0.9999999403953552,2.0105414390563965,0.286,11.3585
287,1.9393303394317627,0.9999999403953552,1.9393303394317627,0.287,11.4961
288,1.9509124755859375,0.9999999403953552,1.9509124755859375,0.288,11.364
289,1.9660563468933105,0.9999999403953552,1.9660563468933105,0.289,11.3817
290,1.9430158138275146,0.9999999403953552,1.9430158138275146,0.29,11.3523
291,1.9527080059051514,0.9999999403953552,1.9527080059051514,0.291,11.3523
292,2.0009331703186035,0.9999999403953552,2.0009331703186035,0.292,11.3575
293,2.0081427097320557,0.9999999403953552,2.0081427097320557,0.293,11.3688
294,1.953291416168213,0.9999999403953552,1.953291416168213,0.294,11.4557
295,2.09232234954834,0.9999999403953552,2.09232234954834,0.295,11.411
296,2.070721387863159,0.9999999403953552,2.070721387863159,0.296,11.3773
297,2.0094125270843506,0.9999999403953552,2.0094125270843506,0.297,11.3919
298,2.0358192920684814,0.9999999403953552,2.0358192920684814,0.298,11.4204
299,2.034026861190796,0.9999999403953552,2.034026861190796,0.299,11.429
300,2.043761730194092,0.9999999403953552,2.043761730194092,0.3,11.5339
301,2.074373483657837,0.9999999403953552,2.074373483657837,0.301,11.5132
302,2.0501840114593506,0.9999999403953552,2.0501840114593506,0.302,11.5224
303,2.02101469039917,0.9999999403953552,2.02101469039917,0.303,11.3722
304,1.9909031391143799,0.9999999403953552,1.9909031391143799,0.304,11.5073
305,1.9654301404953003,0.9999999403953552,1.9654301404953003,0.305,11.5015
306,1.905747413635254,0.9999999403953552,1.905747413635254,0.306,11.4429
307,1.9166483879089355,0.9999999403953552,1.9166483879089355,0.307,11.388
308,1.917009949684143,0.9999999403953552,1.917009949684143,0.308,11.4043
309,2.0037262439727783,0.9999999403953552,2.0037262439727783,0.309,11.3677
310,1.9621551036834717,0.9999999403953552,1.9621551036834717,0.31,11.3855
311,2.013535261154175,0.9999999403953552,2.013535261154175,0.311,11.3551
312,2.043548345565796,0.9999999403953552,2.043548345565796,0.312,11.4594
313,1.9931979179382324,0.9999999403953552,1.9931979179382324,0.313,11.3532
314,1.9961977005004883,0.9999999403953552,1.9961977005004883,0.314,11.4918
315,1.9983254671096802,0.9999999403953552,1.9983254671096802,0.315,11.4601
316,1.9985835552215576,0.9999999403953552,1.9985835552215576,0.316,11.353
317,1.9745804071426392,0.9999999403953552,1.9745804071426392,0.317,11.3523
318,1.9748159646987915,0.9999999403953552,1.9748159646987915,0.318,11.3831
319,1.9492648839950562,0.9999999403953552,1.9492648839950562,0.319,11.3731
320,1.976500391960144,0.9999999403953552,1.976500391960144,0.32,11.3557
321,1.9642423391342163,0.9999999403953552,1.9642423391342163,0.321,11.497
322,1.992393136024475,0.9999999403953552,1.992393136024475,0.322,11.5264
323,1.972137689590454,0.9999999403953552,1.972137689590454,0.323,11.4287
324,1.9286476373672485,0.9999999403953552,1.9286476373672485,0.324,11.4954
325,1.9226899147033691,0.9999999403953552,1.9226899147033691,0.325,11.764
326,1.8870761394500732,0.9999999403953552,1.8870761394500732,0.326,11.8408
327,1.9274531602859497,0.9999999403953552,1.9274531602859497,0.327,11.4765
328,1.987992525100708,0.9999999403953552,1.987992525100708,0.328,11.5296
329,1.9518765211105347,0.9999999403953552,1.9518765211105347,0.329,11.3828
330,2.0239686965942383,0.9999999403953552,2.0239686965942383,0.33,11.3785
331,2.055628776550293,0.9999999403953552,2.055628776550293,0.331,11.3755
332,2.040849208831787,0.9999999403953552,2.040849208831787,0.332,11.3556
333,2.0710854530334473,0.9999999403953552,2.0710854530334473,0.333,11.371
334,2.034449815750122,0.9999999403953552,2.034449815750122,0.334,11.3737
335,2.0085244178771973,0.9999999403953552,2.0085244178771973,0.335,11.5534
336,2.01456356048584,0.9999999403953552,2.01456356048584,0.336,11.4977
337,2.0003716945648193,0.9999999403953552,2.0003716945648193,0.337,11.3904
338,1.9634027481079102,0.9999999403953552,1.9634027481079102,0.338,11.4109
339,1.9853699207305908,0.9999999403953552,1.9853699207305908,0.339,11.3768
340,2.0601627826690674,0.9999999403953552,2.0601627826690674,0.34,11.3575
341,1.9668161869049072,0.9999999403953552,1.9668161869049072,0.341,11.3579
342,1.9860271215438843,0.9999999403953552,1.9860271215438843,0.342,11.3665
343,1.976890206336975,0.9999999403953552,1.976890206336975,0.343,11.3675
344,1.9646128416061401,0.9999999403953552,1.9646128416061401,0.344,11.4486
345,1.9944770336151123,0.9999999403953552,1.9944770336151123,0.345,11.403
346,2.0120248794555664,0.9999999403953552,2.0120248794555664,0.346,11.3716
347,1.9664983749389648,0.9999999403953552,1.9664983749389648,0.347,11.3524
348,1.9914450645446777,0.9999999403953552,1.9914450645446777,0.348,11.4018
349,1.9915800094604492,0.9999999403953552,1.9915800094604492,0.349,11.4753
350,2.0075743198394775,0.9999999403953552,2.0075743198394775,0.35,11.3965
351,2.0302507877349854,0.9999999403953552,2.0302507877349854,0.351,11.3523
352,2.038132429122925,0.9999999403953552,2.038132429122925,0.352,11.5302
353,1.969437837600708,0.9999999403953552,1.969437837600708,0.353,11.3738
354,1.9865974187850952,0.9999999403953552,1.9865974187850952,0.354,11.3556
355,1.9956086874008179,0.9999999403953552,1.9956086874008179,0.355,11.353
356,2.026238203048706,0.9999999403953552,2.026238203048706,0.356,11.3713
357,1.952272891998291,0.9999999403953552,1.952272891998291,0.357,11.364
358,1.9652806520462036,0.9999999403953552,1.9652806520462036,0.358,11.4427
359,1.9823695421218872,0.9999999403953552,1.9823695421218872,0.359,11.3783
360,1.9884930849075317,0.9999999403953552,1.9884930849075317,0.36,11.5275
361,1.9491596221923828,0.9999999403953552,1.9491596221923828,0.361,11.5516
362,1.9916574954986572,0.9999999403953552,1.9916574954986572,0.362,11.4121
363,1.992452621459961,0.9999999403953552,1.992452621459961,0.363,11.358
364,2.038611650466919,0.9999999403953552,2.038611650466919,0.364,11.3523
365,1.9881806373596191,0.9999999403953552,1.9881806373596191,0.365,11.7318
366,1.9705462455749512,0.9999999403953552,1.9705462455749512,0.366,11.5294
367,1.9702728986740112,0.9999999403953552,1.9702728986740112,0.367,11.4047
368,2.01310658454895,0.9999999403953552,2.01310658454895,0.368,11.4794
369,1.9985445737838745,0.9999999403953552,1.9985445737838745,0.369,11.3794
370,1.965783715248108,0.9999999403953552,1.965783715248108,0.37,11.3575
371,1.9953124523162842,0.9999999403953552,1.9953124523162842,0.371,11.3792
372,2.020613431930542,0.9999999403953552,2.020613431930542,0.372,11.3522
373,2.011467695236206,0.9999999403953552,2.011467695236206,0.373,11.4214
374,1.9786099195480347,0.9999999403953552,1.9786099195480347,0.374,11.3857
375,1.9947961568832397,0.9999999403953552,1.9947961568832397,0.375,11.3527
376,2.0471320152282715,0.9999999403953552,2.0471320152282715,0.376,11.4679
377,2.0132906436920166,0.9999999403953552,2.0132906436920166,0.377,11.4557
378,2.0310378074645996,0.9999999403953552,2.0310378074645996,0.378,11.5086
379,1.9919015169143677,0.9999999403953552,1.9919015169143677,0.379,11.4289
380,2.022339344024658,0.9999999403953552,2.022339344024658,0.38,11.3545
381,2.0344064235687256,0.9999999403953552,2.0344064235687256,0.381,11.4072
382,2.0201733112335205,0.9999999403953552,2.0201733112335205,0.382,11.372
383,1.9820493459701538,0.9999999403953552,1.9820493459701538,0.383,11.4071
384,2.059748888015747,0.9999999403953552,2.059748888015747,0.384,11.4417
385,2.003253936767578,0.9999999403953552,2.003253936767578,0.385,11.3814
386,1.9771875143051147,0.9999999403953552,1.9771875143051147,0.386,11.3538
387,2.035912275314331,0.9999999403953552,2.035912275314331,0.387,11.4262
388,1.9857306480407715,0.9999999403953552,1.9857306480407715,0.388,11.4231
389,1.9652286767959595,0.9999999403953552,1.9652286767959595,0.389,11.4227
390,1.9782840013504028,0.9999999403953552,1.9782840013504028,0.39,11.3654
391,1.9414769411087036,0.9999999403953552,1.9414769411087036,0.391,11.8518
392,1.985750675201416,0.9999999403953552,1.985750675201416,0.392,11.4066
393,1.9989135265350342,0.9999999403953552,1.9989135265350342,0.393,11.6801
394,1.983222246170044,0.9999999403953552,1.983222246170044,0.394,11.4882
395,1.9977647066116333,0.9999999403953552,1.9977647066116333,0.395,11.5133
396,2.0017025470733643,0.9999999403953552,2.0017025470733643,0.396,11.3616
397,2.016216993331909,0.9999999403953552,2.016216993331909,0.397,11.4793
398,2.010999917984009,0.9999999403953552,2.010999917984009,0.398,11.3566
399,1.9767229557037354,0.9999999403953552,1.9767229557037354,0.399,11.3632
400,2.0000815391540527,0.9999999403953552,2.0000815391540527,0.4,11.3803
401,2.0157713890075684,0.9999999403953552,2.0157713890075684,0.401,11.3614
402,1.9595872163772583,0.9999999403953552,1.9595872163772583,0.402,11.3636
403,1.9554481506347656,0.9999999403953552,1.9554481506347656,0.403,11.3681
404,1.963516116142273,0.9999999403953552,1.963516116142273,0.404,11.3967
405,1.9420651197433472,0.9999999403953552,1.9420651197433472,0.405,11.3658
406,2.042752742767334,0.9999999403953552,2.042752742767334,0.406,11.3615
407,2.0265679359436035,0.9999999403953552,2.0265679359436035,0.407,11.3542
408,2.0120155811309814,0.9999999403953552,2.0120155811309814,0.408,11.5336
409,2.0230565071105957,0.9999999403953552,2.0230565071105957,0.409,11.4852
410,1.9960439205169678,0.9999999403953552,1.9960439205169678,0.41,11.3617
411,1.950146198272705,0.9999999403953552,1.950146198272705,0.411,11.3546
412,1.9814759492874146,0.9999999403953552,1.9814759492874146,0.412,11.3648
413,2.027127265930176,0.9999999403953552,2.027127265930176,0.413,11.9755
414,2.0342202186584473,0.9999999403953552,2.0342202186584473,0.414,11.7422
415,2.030064821243286,0.9999999403953552,2.030064821243286,0.415,11.761
416,2.0356879234313965,0.9999999403953552,2.0356879234313965,0.416,11.3797
417,2.028796911239624,0.9999999403953552,2.028796911239624,0.417,11.3545
418,2.0227298736572266,0.9999999403953552,2.0227298736572266,0.418,11.3552
419,1.9863122701644897,0.9999999403953552,1.9863122701644897,0.419,11.4098
420,1.9793012142181396,0.9999999403953552,1.9793012142181396,0.42,11.3711
421,1.9840400218963623,0.9999999403953552,1.9840400218963623,0.421,11.5015
422,2.002981662750244,0.9999999403953552,2.002981662750244,0.422,11.3539
423,2.025433301925659,0.9999999403953552,2.025433301925659,0.423,11.3743
424,1.9363515377044678,0.9999999403953552,1.9363515377044678,0.424,11.3561
425,1.9593766927719116,0.9999999403953552,1.9593766927719116,0.425,11.5067
426,1.9591752290725708,0.9999999403953552,1.9591752290725708,0.426,11.3605
427,1.9790515899658203,0.9999999403953552,1.9790515899658203,0.427,11.386
428,2.0365567207336426,0.9999999403953552,2.0365567207336426,0.428,11.3562
429,2.0287179946899414,0.9999999403953552,2.0287179946899414,0.429,11.3565
430,1.9600976705551147,0.9999999403953552,1.9600976705551147,0.43,11.3578
431,1.9776523113250732,0.9999999403953552,1.9776523113250732,0.431,11.3595
432,1.9897130727767944,0.9999999403953552,1.9897130727767944,0.432,11.3571
433,1.9652692079544067,0.9999999403953552,1.9652692079544067,0.433,11.4036
434,2.0056912899017334,0.9999999403953552,2.0056912899017334,0.434,11.3928
435,2.003075361251831,0.9999999403953552,2.003075361251831,0.435,11.4021
436,1.9913524389266968,0.9999999403953552,1.9913524389266968,0.436,11.4408
437,1.9961979389190674,0.9999999403953552,1.9961979389190674,0.437,11.3544
438,2.0103282928466797,0.9999999403953552,2.0103282928466797,0.438,11.3575
439,2.084239959716797,0.9999999403953552,2.084239959716797,0.439,11.3533
440,1.999859094619751,0.9999999403953552,1.999859094619751,0.44,11.3535
441,1.9938817024230957,0.9999999403953552,1.9938817024230957,0.441,11.396
442,2.0270748138427734,0.9999999403953552,2.0270748138427734,0.442,11.3568
443,2.0821001529693604,0.9999999403953552,2.0821001529693604,0.443,11.475
444,2.0169425010681152,0.9999999403953552,2.0169425010681152,0.444,11.4485
445,2.02929425239563,0.9999999403953552,2.02929425239563,0.445,11.3675
446,1.9784926176071167,0.9999999403953552,1.9784926176071167,0.446,11.356
447,1.9931514263153076,0.9999999403953552,1.9931514263153076,0.447,11.3611
448,1.9641671180725098,0.9999999403953552,1.9641671180725098,0.448,11.5037
449,2.0351500511169434,0.9999999403953552,2.0351500511169434,0.449,11.364
450,2.034303903579712,0.9999999403953552,2.034303903579712,0.45,11.3862
451,2.0554072856903076,0.9999999403953552,2.0554072856903076,0.451,11.5383
452,2.085470676422119,0.9999999403953552,2.085470676422119,0.452,11.4025
453,2.068023681640625,0.9999999403953552,2.068023681640625,0.453,11.4108
454,1.986036777496338,0.9999999403953552,1.986036777496338,0.454,11.3726
455,2.010744094848633,0.9999999403953552,2.010744094848633,0.455,11.719
456,2.0104546546936035,0.9999999403953552,2.0104546546936035,0.456,11.3847
457,1.9566607475280762,0.9999999403953552,1.9566607475280762,0.457,11.3535
458,2.0138559341430664,0.9999999403953552,2.0138559341430664,0.458,11.4712
459,2.05391001701355,0.9999999403953552,2.05391001701355,0.459,11.5278
460,2.0322206020355225,0.9999999403953552,2.0322206020355225,0.46,11.3975
461,2.077465772628784,0.9999999403953552,2.077465772628784,0.461,11.3905
462,2.0758635997772217,0.9999999403953552,2.0758635997772217,0.462,11.4079
463,2.0391147136688232,0.9999999403953552,2.0391147136688232,0.463,11.3569
464,2.02669358253479,0.9999999403953552,2.02669358253479,0.464,11.4719
465,1.9961886405944824,0.9999999403953552,1.9961886405944824,0.465,11.4207
466,1.9844682216644287,0.9999999403953552,1.9844682216644287,0.466,11.3983
467,1.9860153198242188,0.9999999403953552,1.9860153198242188,0.467,11.5145
468,2.008044719696045,0.9999999403953552,2.008044719696045,0.468,11.4323
469,1.982141375541687,0.9999999403953552,1.982141375541687,0.469,11.4407
470,1.9732111692428589,0.9999999403953552,1.9732111692428589,0.47,11.481
471,1.9647915363311768,0.9999999403953552,1.9647915363311768,0.471,11.3706
472,1.9752448797225952,0.9999999403953552,1.9752448797225952,0.472,11.3779
473,2.005750894546509,0.9999999403953552,2.005750894546509,0.473,11.3641
474,2.044090986251831,0.9999999403953552,2.044090986251831,0.474,11.4609
475,2.0244321823120117,0.9999999403953552,2.0244321823120117,0.475,11.3527
476,1.996925950050354,0.9999999403953552,1.996925950050354,0.476,11.475
477,2.0301685333251953,0.9999999403953552,2.0301685333251953,0.477,11.3582
478,2.0030691623687744,0.9999999403953552,2.0030691623687744,0.478,11.4029
479,2.0652804374694824,0.9999999403953552,2.0652804374694824,0.479,11.353
480,2.036787509918213,0.9999999403953552,2.036787509918213,0.48,11.3588
481,2.004115104675293,0.9999999403953552,2.004115104675293,0.481,11.3569
482,2.046247720718384,0.9999999403953552,2.046247720718384,0.482,11.463
483,1.9279667139053345,0.9999999403953552,1.9279667139053345,0.483,11.5233
484,2.0208733081817627,0.9999999403953552,2.0208733081817627,0.484,11.3573
485,2.0214133262634277,0.9999999403953552,2.0214133262634277,0.485,11.3784
486,2.0061230659484863,0.9999999403953552,2.0061230659484863,0.486,11.4357
487,2.02012038230896,0.9999999403953552,2.02012038230896,0.487,11.402
488,1.986182451248169,0.9999999403953552,1.986182451248169,0.488,11.3531
489,1.976183295249939,0.9999999403953552,1.976183295249939,0.489,11.5194
490,1.9359132051467896,0.9999999403953552,1.9359132051467896,0.49,11.4076
491,2.0165224075317383,0.9999999403953552,2.0165224075317383,0.491,11.5627
492,2.0275344848632812,0.9999999403953552,2.0275344848632812,0.492,11.6497
493,2.015831708908081,0.9999999403953552,2.015831708908081,0.493,11.5112
494,2.020066261291504,0.9999999403953552,2.020066261291504,0.494,11.5013
495,1.9767448902130127,0.9999999403953552,1.9767448902130127,0.495,11.4028
496,2.045545816421509,0.9999999403953552,2.045545816421509,0.496,11.7591
497,2.0356106758117676,0.9999999403953552,2.0356106758117676,0.497,11.353
498,1.9573208093643188,0.9999999403953552,1.9573208093643188,0.498,11.3544
499,1.9867241382598877,0.9999999403953552,1.9867241382598877,0.499,11.3602
500,1.9944180250167847,0.9999999403953552,1.9944180250167847,0.5,11.358
501,2.012216091156006,0.9999999403953552,2.012216091156006,0.501,11.5185
502,2.027953624725342,0.9999999403953552,2.027953624725342,0.502,11.4867
503,2.0426764488220215,0.9999999403953552,2.0426764488220215,0.503,11.3644
504,1.9937514066696167,0.9999999403953552,1.9937514066696167,0.504,11.3863
505,2.045060634613037,0.9999999403953552,2.045060634613037,0.505,11.3653
506,2.1038026809692383,0.9999999403953552,2.1038026809692383,0.506,11.3522
507,2.00881290435791,0.9999999403953552,2.00881290435791,0.507,11.4756
508,2.0181150436401367,0.9999999403953552,2.0181150436401367,0.508,11.3524
509,1.9925487041473389,0.9999999403953552,1.9925487041473389,0.509,11.8909
510,2.0197372436523438,0.9999999403953552,2.0197372436523438,0.51,11.3559
511,2.0395431518554688,0.9999999403953552,2.0395431518554688,0.511,11.4665
512,1.9783564805984497,0.9999999403953552,1.9783564805984497,0.512,11.4357
513,2.032971143722534,0.9999999403953552,2.032971143722534,0.513,11.3551
514,2.006051778793335,0.9999999403953552,2.006051778793335,0.514,11.4032
515,2.0748775005340576,0.9999999403953552,2.0748775005340576,0.515,11.3757
516,2.001553535461426,0.9999999403953552,2.001553535461426,0.516,11.7218
517,1.996402382850647,0.9999999403953552,1.996402382850647,0.517,11.3544
518,2.0363962650299072,0.9999999403953552,2.0363962650299072,0.518,11.5742
519,2.018902063369751,0.9999999403953552,2.018902063369751,0.519,11.3527
520,1.9861210584640503,0.9999999403953552,1.9861210584640503,0.52,11.3538
521,1.9767545461654663,0.9999999403953552,1.9767545461654663,0.521,11.391
522,2.0240280628204346,0.9999999403953552,2.0240280628204346,0.522,11.4538
523,2.0147833824157715,0.9999999403953552,2.0147833824157715,0.523,11.4457
524,1.98757004737854,0.9999999403953552,1.98757004737854,0.524,11.3639
525,2.030982732772827,0.9999999403953552,2.030982732772827,0.525,11.5959
526,2.0539677143096924,0.9999999403953552,2.0539677143096924,0.526,11.3715
527,2.042849540710449,0.9999999403953552,2.042849540710449,0.527,11.3586
528,2.0648458003997803,0.9999999403953552,2.0648458003997803,0.528,11.3689
529,2.000645160675049,0.9999999403953552,2.000645160675049,0.529,11.3536
530,1.977967381477356,0.9999999403953552,1.977967381477356,0.53,11.8082
531,1.9797707796096802,0.9999999403953552,1.9797707796096802,0.531,11.4485
532,2.0193381309509277,0.9999999403953552,2.0193381309509277,0.532,11.3546
533,2.0150487422943115,0.9999999403953552,2.0150487422943115,0.533,11.3535
534,2.0355169773101807,0.9999999403953552,2.0355169773101807,0.534,11.7502
535,2.0951120853424072,0.9999999403953552,2.0951120853424072,0.535,11.4272
536,1.9572933912277222,0.9999999403953552,1.9572933912277222,0.536,11.4631
537,2.0507402420043945,0.9999999403953552,2.0507402420043945,0.537,11.3916
538,2.0007708072662354,0.9999999403953552,2.0007708072662354,0.538,11.48
539,1.9870643615722656,0.9999999403953552,1.9870643615722656,0.539,11.3846
540,1.9903405904769897,0.9999999403953552,1.9903405904769897,0.54,11.3589
541,2.003448486328125,0.9999999403953552,2.003448486328125,0.541,11.3633
542,1.9750920534133911,0.9999999403953552,1.9750920534133911,0.542,11.3627
543,1.9861191511154175,0.9999999403953552,1.9861191511154175,0.543,11.4069
544,2.02925443649292,0.9999999403953552,2.02925443649292,0.544,11.3693
545,1.9706774950027466,0.9999999403953552,1.9706774950027466,0.545,11.3522
546,2.030191421508789,0.9999999403953552,2.030191421508789,0.546,11.4756
547,1.9789130687713623,0.9999999403953552,1.9789130687713623,0.547,11.3729
548,2.0064377784729004,0.9999999403953552,2.0064377784729004,0.548,11.3542
549,1.9947292804718018,0.9999999403953552,1.9947292804718018,0.549,11.3601
550,2.0154218673706055,0.9999999403953552,2.0154218673706055,0.55,11.4047
551,2.00722074508667,0.9999999403953552,2.00722074508667,0.551,11.3587
552,2.0605854988098145,0.9999999403953552,2.0605854988098145,0.552,11.4929
553,2.0424680709838867,0.9999999403953552,2.0424680709838867,0.553,11.3721
554,2.0055906772613525,0.9999999403953552,2.0055906772613525,0.554,11.3622
555,2.0142011642456055,0.9999999403953552,2.0142011642456055,0.555,11.3574
556,1.966569423675537,0.9999999403953552,1.966569423675537,0.556,11.5934
557,2.009500503540039,0.9999999403953552,2.009500503540039,0.557,11.3545
558,1.971177577972412,0.9999999403953552,1.971177577972412,0.558,11.405
559,2.0146384239196777,0.9999999403953552,2.0146384239196777,0.559,11.4018
560,2.038100242614746,0.9999999403953552,2.038100242614746,0.56,11.6057
561,1.9911317825317383,0.9999999403953552,1.9911317825317383,0.561,11.3718
562,2.024829626083374,0.9999999403953552,2.024829626083374,0.562,11.3739
563,2.0601978302001953,0.9999999403953552,2.0601978302001953,0.563,11.357
564,1.96101975440979,0.9999999403953552,1.96101975440979,0.564,11.6412
565,1.9502087831497192,0.9999999403953552,1.9502087831497192,0.565,11.3848
566,1.9913914203643799,0.9999999403953552,1.9913914203643799,0.566,11.597
567,2.0368528366088867,0.9999999403953552,2.0368528366088867,0.567,11.4883
568,2.0264852046966553,0.9999999403953552,2.0264852046966553,0.568,11.4112
569,2.0288445949554443,0.9999999403953552,2.0288445949554443,0.569,11.3583
570,1.9948019981384277,0.9999999403953552,1.9948019981384277,0.57,11.8343
571,2.023012399673462,0.9999999403953552,2.023012399673462,0.571,11.5765
572,1.9887938499450684,0.9999999403953552,1.9887938499450684,0.572,11.4328
573,2.003782272338867,0.9999999403953552,2.003782272338867,0.573,11.3544
574,1.9780285358428955,0.9999999403953552,1.9780285358428955,0.574,11.3964
575,1.925625205039978,0.9999999403953552,1.925625205039978,0.575,11.3551
576,2.014516592025757,0.9999999403953552,2.014516592025757,0.576,11.3523
577,1.9883630275726318,0.9999999403953552,1.9883630275726318,0.577,11.4719
578,2.0240538120269775,0.9999999403953552,2.0240538120269775,0.578,11.358
579,1.9727842807769775,0.9999999403953552,1.9727842807769775,0.579,11.4224
580,2.0186104774475098,0.9999999403953552,2.0186104774475098,0.58,11.3959
581,1.9602662324905396,0.9999999403953552,1.9602662324905396,0.581,11.3678
582,2.0348281860351562,0.9999999403953552,2.0348281860351562,0.582,11.363
583,1.9961796998977661,0.9999999403953552,1.9961796998977661,0.583,11.3752
584,2.0063154697418213,0.9999999403953552,2.0063154697418213,0.584,11.381
585,1.9576215744018555,0.9999999403953552,1.9576215744018555,0.585,11.3685
586,1.9860461950302124,0.9999999403953552,1.9860461950302124,0.586,11.356
587,1.990112543106079,0.9999999403953552,1.990112543106079,0.587,11.4319
588,1.975583791732788,0.9999999403953552,1.975583791732788,0.588,11.4009
589,2.011378288269043,0.9999999403953552,2.011378288269043,0.589,11.363
590,1.9617974758148193,0.9999999403953552,1.9617974758148193,0.59,11.4542
591,2.0868489742279053,0.9999999403953552,2.0868489742279053,0.591,11.3688
592,1.998328447341919,0.9999999403953552,1.998328447341919,0.592,11.3547
593,1.9283798933029175,0.9999999403953552,1.9283798933029175,0.593,11.4839
594,2.0265321731567383,0.9999999403953552,2.0265321731567383,0.594,11.3523
595,2.0192177295684814,0.9999999403953552,2.0192177295684814,0.595,11.8904
596,1.914021372795105,0.9999999403953552,1.914021372795105,0.596,11.3624
597,2.0087125301361084,0.9999999403953552,2.0087125301361084,0.597,11.3522
598,2.0307726860046387,0.9999999403953552,2.0307726860046387,0.598,11.4942
599,2.0406429767608643,0.9999999403953552,2.0406429767608643,0.599,11.3616
600,1.957643747329712,0.9999999403953552,1.957643747329712,0.6,11.3543
601,2.0085933208465576,0.9999999403953552,2.0085933208465576,0.601,11.6553
602,1.957972526550293,0.9999999403953552,1.957972526550293,0.602,11.6901
603,1.9919835329055786,0.9999999403953552,1.9919835329055786,0.603,11.6043
604,2.0234146118164062,0.9999999403953552,2.0234146118164062,0.604,11.3885
605,2.04815673828125,0.9999999403953552,2.04815673828125,0.605,11.3958
606,1.990382194519043,0.9999999403953552,1.990382194519043,0.606,11.3991
607,2.0169386863708496,0.9999999403953552,2.0169386863708496,0.607,11.3527
608,1.9769206047058105,0.9999999403953552,1.9769206047058105,0.608,11.364
609,1.9916625022888184,0.9999999403953552,1.9916625022888184,0.609,11.439
610,2.0045228004455566,0.9999999403953552,2.0045228004455566,0.61,11.3523
611,1.978131651878357,0.9999999403953552,1.978131651878357,0.611,11.6104
612,1.967918038368225,0.9999999403953552,1.967918038368225,0.612,11.3545
613,2.0503742694854736,0.9999999403953552,2.0503742694854736,0.613,11.3963
614,2.039773464202881,0.9999999403953552,2.039773464202881,0.614,11.3597
615,1.8963958024978638,0.9999999403953552,1.8963958024978638,0.615,11.3544
616,2.0681517124176025,0.9999999403953552,2.0681517124176025,0.616,11.3576
617,2.011664628982544,0.9999999403953552,2.011664628982544,0.617,11.3522
618,2.0655012130737305,0.9999999403953552,2.0655012130737305,0.618,11.5122
619,2.0578293800354004,0.9999999403953552,2.0578293800354004,0.619,11.5392
620,2.0250072479248047,0.9999999403953552,2.0250072479248047,0.62,11.3547
621,1.9784260988235474,0.9999999403953552,1.9784260988235474,0.621,11.5383
622,2.029595136642456,0.9999999403953552,2.029595136642456,0.622,11.3528
623,1.971849799156189,0.9999999403953552,1.971849799156189,0.623,11.3739
624,2.055058717727661,0.9999999403953552,2.055058717727661,0.624,11.6973
625,2.006523370742798,0.9999999403953552,2.006523370742798,0.625,11.7612
626,2.027298927307129,0.9999999403953552,2.027298927307129,0.626,11.3621
627,2.0094494819641113,0.9999999403953552,2.0094494819641113,0.627,11.359
628,2.0050554275512695,0.9999999403953552,2.0050554275512695,0.628,11.5017
629,2.0271706581115723,0.9999999403953552,2.0271706581115723,0.629,11.5023
630,2.105463743209839,0.9999999403953552,2.105463743209839,0.63,11.3987
631,2.022878646850586,0.9999999403953552,2.022878646850586,0.631,11.3587
632,1.9972783327102661,0.9999999403953552,1.9972783327102661,0.632,11.4008
633,1.982182502746582,0.9999999403953552,1.982182502746582,0.633,11.3549
634,1.9887076616287231,0.9999999403953552,1.9887076616287231,0.634,11.6367
635,1.95596182346344,0.9999999403953552,1.95596182346344,0.635,11.5043
636,2.051286220550537,0.9999999403953552,2.051286220550537,0.636,11.3916
637,1.9835056066513062,0.9999999403953552,1.9835056066513062,0.637,11.3523
638,2.003918409347534,0.9999999403953552,2.003918409347534,0.638,11.5018
639,1.9477357864379883,0.9999999403953552,1.9477357864379883,0.639,11.3972
640,2.0230448246002197,0.9999999403953552,2.0230448246002197,0.64,11.3523
641,1.988154649734497,0.9999999403953552,1.988154649734497,0.641,11.3999
642,1.9340966939926147,0.9999999403953552,1.9340966939926147,0.642,11.3525
643,1.9779342412948608,0.9999999403953552,1.9779342412948608,0.643,11.3525
644,1.9525971412658691,0.9999999403953552,1.9525971412658691,0.644,11.4095
645,2.011061429977417,0.9999999403953552,2.011061429977417,0.645,11.4364
646,2.0403404235839844,0.9999999403953552,2.0403404235839844,0.646,11.3719
647,2.025296211242676,0.9999999403953552,2.025296211242676,0.647,11.3627
648,1.9228841066360474,0.9999999403953552,1.9228841066360474,0.648,11.356
649,1.9855360984802246,0.9999999403953552,1.9855360984802246,0.649,11.4043
650,1.9883742332458496,0.9999999403953552,1.9883742332458496,0.65,11.6548
651,2.029634952545166,0.9999999403953552,2.029634952545166,0.651,11.5808
652,2.0494961738586426,0.9999999403953552,2.0494961738586426,0.652,11.5681
653,1.9782288074493408,0.9999999403953552,1.9782288074493408,0.653,11.5368
654,2.0013608932495117,0.9999999403953552,2.0013608932495117,0.654,11.3611
655,1.9609003067016602,0.9999999403953552,1.9609003067016602,0.655,11.3548
656,1.9989274740219116,0.9999999403953552,1.9989274740219116,0.656,11.4414
657,2.0246291160583496,0.9999999403953552,2.0246291160583496,0.657,11.3754
658,2.022069215774536,0.9999999403953552,2.022069215774536,0.658,11.3628
659,1.997565507888794,0.9999999403953552,1.997565507888794,0.659,11.4478
660,2.0251212120056152,0.9999999403953552,2.0251212120056152,0.66,11.5084
661,2.032644510269165,0.9999999403953552,2.032644510269165,0.661,11.355
662,2.0214931964874268,0.9999999403953552,2.0214931964874268,0.662,11.4074
663,1.9730298519134521,0.9999999403953552,1.9730298519134521,0.663,11.4869
664,1.9692130088806152,0.9999999403953552,1.9692130088806152,0.664,11.5493
665,1.9393987655639648,0.9999999403953552,1.9393987655639648,0.665,11.3845
666,1.9386895895004272,0.9999999403953552,1.9386895895004272,0.666,11.4197
667,2.0354180335998535,0.9999999403953552,2.0354180335998535,0.667,11.5251
668,1.9936752319335938,0.9999999403953552,1.9936752319335938,0.668,11.4172
669,1.9516891241073608,0.9999999403953552,1.9516891241073608,0.669,11.5706
670,1.986130952835083,0.9999999403953552,1.986130952835083,0.67,11.6208
671,1.9984290599822998,0.9999999403953552,1.9984290599822998,0.671,11.4986
672,2.029222011566162,0.9999999403953552,2.029222011566162,0.672,11.3764
673,2.0114026069641113,0.9999999403953552,2.0114026069641113,0.673,11.3664
674,1.9818313121795654,0.9999999403953552,1.9818313121795654,0.674,11.6596
675,2.015754222869873,0.9999999403953552,2.015754222869873,0.675,11.4084
676,1.999091386795044,0.9999999403953552,1.999091386795044,0.676,11.5057
677,1.9979947805404663,0.9999999403953552,1.9979947805404663,0.677,11.8317
678,2.0648930072784424,0.9999999403953552,2.0648930072784424,0.678,11.3528
679,2.037504196166992,0.9999999403953552,2.037504196166992,0.679,11.6663
680,1.9485417604446411,0.9999999403953552,1.9485417604446411,0.68,11.3523
681,1.9922406673431396,0.9999999403953552,1.9922406673431396,0.681,11.5032
682,2.011481761932373,0.9999999403953552,2.011481761932373,0.682,11.3886
683,2.0447800159454346,0.9999999403953552,2.0447800159454346,0.683,11.4422
684,1.994946002960205,0.9999999403953552,1.994946002960205,0.684,11.4368
685,2.006218194961548,0.9999999403953552,2.006218194961548,0.685,11.3932
686,1.953713059425354,0.9999999403953552,1.953713059425354,0.686,11.6192
687,1.9719945192337036,0.9999999403953552,1.9719945192337036,0.687,11.5723
688,1.9511756896972656,0.9999999403953552,1.9511756896972656,0.688,11.3564
689,2.0091302394866943,0.9999999403953552,2.0091302394866943,0.689,11.4073
690,1.945082664489746,0.9999999403953552,1.945082664489746,0.69,11.3526
691,2.023350238800049,0.9999999403953552,2.023350238800049,0.691,11.3529
692,2.0411171913146973,0.9999999403953552,2.0411171913146973,0.692,11.4118
693,2.013286828994751,0.9999999403953552,2.013286828994751,0.693,11.4287
694,1.9584178924560547,0.9999999403953552,1.9584178924560547,0.694,11.3794
695,1.9820526838302612,0.9999999403953552,1.9820526838302612,0.695,11.7874
696,1.9897156953811646,0.9999999403953552,1.9897156953811646,0.696,11.4009
697,2.056795835494995,0.9999999403953552,2.056795835494995,0.697,11.4882
698,1.999588966369629,0.9999999403953552,1.999588966369629,0.698,11.4196
699,2.0181939601898193,0.9999999403953552,2.0181939601898193,0.699,11.3823
700,2.085422992706299,0.9999999403953552,2.085422992706299,0.7,11.5305
701,2.0193707942962646,0.9999999403953552,2.0193707942962646,0.701,11.5199
702,2.046884536743164,0.9999999403953552,2.046884536743164,0.702,11.4198
703,2.0234646797180176,0.9999999403953552,2.0234646797180176,0.703,11.3873
704,1.9840409755706787,0.9999999403953552,1.9840409755706787,0.704,11.4345
705,2.0360684394836426,0.9999999403953552,2.0360684394836426,0.705,11.3571
706,1.9628361463546753,0.9999999403953552,1.9628361463546753,0.706,11.3537
707,2.00772762298584,0.9999999403953552,2.00772762298584,0.707,11.3654
708,2.0093109607696533,0.9999999403953552,2.0093109607696533,0.708,11.3744
709,1.9239931106567383,0.9999999403953552,1.9239931106567383,0.709,11.3653
710,1.9645793437957764,0.9999999403953552,1.9645793437957764,0.71,11.3527
711,1.9933315515518188,0.9999999403953552,1.9933315515518188,0.711,11.4008
712,2.0325121879577637,0.9999999403953552,2.0325121879577637,0.712,11.5465
713,2.0142934322357178,0.9999999403953552,2.0142934322357178,0.713,11.3725
714,1.9867995977401733,0.9999999403953552,1.9867995977401733,0.714,11.3612
715,1.984035849571228,0.9999999403953552,1.984035849571228,0.715,11.3525
716,2.026986598968506,0.9999999403953552,2.026986598968506,0.716,11.3596
717,2.1028521060943604,0.9999999403953552,2.1028521060943604,0.717,11.3594
718,2.0040860176086426,0.9999999403953552,2.0040860176086426,0.718,11.4871
719,2.0123958587646484,0.9999999403953552,2.0123958587646484,0.719,11.3631
720,2.022454023361206,0.9999999403953552,2.022454023361206,0.72,11.6573
721,2.0049970149993896,0.9999999403953552,2.0049970149993896,0.721,11.3565
722,1.9972789287567139,0.9999999403953552,1.9972789287567139,0.722,11.6204
723,1.9953770637512207,0.9999999403953552,1.9953770637512207,0.723,11.374
724,1.979634165763855,0.9999999403953552,1.979634165763855,0.724,11.3524
725,2.057664155960083,0.9999999403953552,2.057664155960083,0.725,11.4539
726,1.9755233526229858,0.9999999403953552,1.9755233526229858,0.726,11.3998
727,1.958204746246338,0.9999999403953552,1.958204746246338,0.727,11.5691
728,1.997741460800171,0.9999999403953552,1.997741460800171,0.728,11.3611
729,2.0262269973754883,0.9999999403953552,2.0262269973754883,0.729,11.5054
730,2.0709540843963623,0.9999999403953552,2.0709540843963623,0.73,11.3552
731,2.044502019882202,0.9999999403953552,2.044502019882202,0.731,11.3872
732,2.030301094055176,0.9999999403953552,2.030301094055176,0.732,11.3586
733,1.990742564201355,0.9999999403953552,1.990742564201355,0.733,11.3522
734,2.001039505004883,0.9999999403953552,2.001039505004883,0.734,11.4846
735,2.0542478561401367,0.9999999403953552,2.0542478561401367,0.735,11.3889
736,2.009586811065674,0.9999999403953552,2.009586811065674,0.736,11.4619
737,2.000382900238037,0.9999999403953552,2.000382900238037,0.737,11.3745
738,2.0225305557250977,0.9999999403953552,2.0225305557250977,0.738,11.3694
739,2.014516592025757,0.9999999403953552,2.014516592025757,0.739,11.3558
740,1.9725055694580078,0.9999999403953552,1.9725055694580078,0.74,11.3557
741,2.018706798553467,0.9999999403953552,2.018706798553467,0.741,11.5436
742,1.9010876417160034,0.9999999403953552,1.9010876417160034,0.742,11.4195
743,1.9411345720291138,0.9999999403953552,1.9411345720291138,0.743,11.3522
744,2.0481786727905273,0.9999999403953552,2.0481786727905273,0.744,11.3838
745,2.001251220703125,0.9999999403953552,2.001251220703125,0.745,11.3719
746,2.0230395793914795,0.9999999403953552,2.0230395793914795,0.746,11.3712
747,1.990699291229248,0.9999999403953552,1.990699291229248,0.747,11.4744
748,2.041165828704834,0.9999999403953552,2.041165828704834,0.748,11.3734
749,2.0463521480560303,0.9999999403953552,2.0463521480560303,0.749,11.4212
750,1.9914311170578003,0.9999999403953552,1.9914311170578003,0.75,11.3748
751,1.9247691631317139,0.9999999403953552,1.9247691631317139,0.751,11.3719
752,2.0077972412109375,0.9999999403953552,2.0077972412109375,0.752,11.3523
753,2.0055127143859863,0.9999999403953552,2.0055127143859863,0.753,11.359
754,2.052595376968384,0.9999999403953552,2.052595376968384,0.754,11.4057
755,2.0157318115234375,0.9999999403953552,2.0157318115234375,0.755,11.3806
756,1.9827605485916138,0.9999999403953552,1.9827605485916138,0.756,11.3526
757,1.9635342359542847,0.9999999403953552,1.9635342359542847,0.757,11.3904
758,1.922121286392212,0.9999999403953552,1.922121286392212,0.758,11.3736
759,2.0254476070404053,0.9999999403953552,2.0254476070404053,0.759,11.3527
760,1.9730368852615356,0.9999999403953552,1.9730368852615356,0.76,11.3981
761,1.9704155921936035,0.9999999403953552,1.9704155921936035,0.761,11.3522
762,2.02510404586792,0.9999999403953552,2.02510404586792,0.762,11.4038
763,1.9894037246704102,0.9999999403953552,1.9894037246704102,0.763,11.3532
764,2.0357210636138916,0.9999999403953552,2.0357210636138916,0.764,11.3524
765,1.994545817375183,0.9999999403953552,1.994545817375183,0.765,11.4505
766,1.948790192604065,0.9999999403953552,1.948790192604065,0.766,11.3912
767,2.0257461071014404,0.9999999403953552,2.0257461071014404,0.767,11.3748
768,1.981766939163208,0.9999999403953552,1.981766939163208,0.768,11.3683
769,1.9615280628204346,0.9999999403953552,1.9615280628204346,0.769,11.3523
770,1.9623874425888062,0.9999999403953552,1.9623874425888062,0.77,11.4699
771,2.0506112575531006,0.9999999403953552,2.0506112575531006,0.771,11.7993
772,1.9273231029510498,0.9999999403953552,1.9273231029510498,0.772,11.5153
773,1.968379259109497,0.9999999403953552,1.968379259109497,0.773,11.3582
774,2.009477138519287,0.9999999403953552,2.009477138519287,0.774,11.3869
775,1.9800211191177368,0.9999999403953552,1.9800211191177368,0.775,11.3646
776,2.0503785610198975,0.9999999403953552,2.0503785610198975,0.776,11.3601
777,1.9967198371887207,0.9999999403953552,1.9967198371887207,0.777,11.5055
778,1.9912244081497192,0.9999999403953552,1.9912244081497192,0.778,11.4142
779,1.9971574544906616,0.9999999403953552,1.9971574544906616,0.779,11.3752
780,1.9665591716766357,0.9999999403953552,1.9665591716766357,0.78,11.4073
781,1.9903953075408936,0.9999999403953552,1.9903953075408936,0.781,11.3633
782,2.008265733718872,0.9999999403953552,2.008265733718872,0.782,11.3694
783,2.031381130218506,0.9999999403953552,2.031381130218506,0.783,11.3724
784,2.02093768119812,0.9999999403953552,2.02093768119812,0.784,11.4572
785,1.9502739906311035,0.9999999403953552,1.9502739906311035,0.785,11.3657
786,1.989802360534668,0.9999999403953552,1.989802360534668,0.786,11.4161
787,2.076266288757324,0.9999999403953552,2.076266288757324,0.787,11.5444
788,2.020000696182251,0.9999999403953552,2.020000696182251,0.788,11.4193
789,1.9849170446395874,0.9999999403953552,1.9849170446395874,0.789,11.4291
790,2.031998872756958,0.9999999403953552,2.031998872756958,0.79,11.4997
791,2.0000903606414795,0.9999999403953552,2.0000903606414795,0.791,11.4155
792,2.0204880237579346,0.9999999403953552,2.0204880237579346,0.792,11.3662
793,1.9692449569702148,0.9999999403953552,1.9692449569702148,0.793,11.3523
794,2.024805784225464,0.9999999403953552,2.024805784225464,0.794,11.3748
795,2.0206243991851807,0.9999999403953552,2.0206243991851807,0.795,11.3797
796,2.0168795585632324,0.9999999403953552,2.0168795585632324,0.796,11.4002
797,2.009068727493286,0.9999999403953552,2.009068727493286,0.797,11.389
798,1.9933538436889648,0.9999999403953552,1.9933538436889648,0.798,11.4021
799,1.9689304828643799,0.9999999403953552,1.9689304828643799,0.799,11.8175
800,1.980568766593933,0.9999999403953552,1.980568766593933,0.8,11.4781
801,2.011031150817871,0.9999999403953552,2.011031150817871,0.801,11.3751
802,1.950661301612854,0.9999999403953552,1.950661301612854,0.802,11.3648
803,2.000605344772339,0.9999999403953552,2.000605344772339,0.803,11.43
804,1.964737892150879,0.9999999403953552,1.964737892150879,0.804,11.3675
805,1.9696232080459595,0.9999999403953552,1.9696232080459595,0.805,11.3604
806,1.9708994626998901,0.9999999403953552,1.9708994626998901,0.806,11.4492
807,2.0405266284942627,0.9999999403953552,2.0405266284942627,0.807,11.5136
808,1.9764671325683594,0.9999999403953552,1.9764671325683594,0.808,11.3978
809,2.070059061050415,0.9999999403953552,2.070059061050415,0.809,11.4162
810,1.950523853302002,0.9999999403953552,1.950523853302002,0.81,11.4972
811,2.010047435760498,0.9999999403953552,2.010047435760498,0.811,11.3666
812,2.0057122707366943,0.9999999403953552,2.0057122707366943,0.812,11.4258
813,1.9729975461959839,0.9999999403953552,1.9729975461959839,0.813,11.354
814,2.0285403728485107,0.9999999403953552,2.0285403728485107,0.814,11.3642
815,1.980046272277832,0.9999999403953552,1.980046272277832,0.815,11.3555
816,1.9834693670272827,0.9999999403953552,1.9834693670272827,0.816,11.3895
817,1.9989975690841675,0.9999999403953552,1.9989975690841675,0.817,11.4842
818,1.954700231552124,0.9999999403953552,1.954700231552124,0.818,11.3793
819,1.9322232007980347,0.9999999403953552,1.9322232007980347,0.819,11.4196
820,2.0900301933288574,0.9999999403953552,2.0900301933288574,0.82,11.3545
821,1.994518756866455,0.9999999403953552,1.994518756866455,0.821,11.3524
822,1.9544188976287842,0.9999999403953552,1.9544188976287842,0.822,11.5052
823,1.9850953817367554,0.9999999403953552,1.9850953817367554,0.823,11.4758
824,1.9328012466430664,0.9999999403953552,1.9328012466430664,0.824,11.4247
825,2.0246198177337646,0.9999999403953552,2.0246198177337646,0.825,11.3624
826,1.981932282447815,0.9999999403953552,1.981932282447815,0.826,11.6104
827,1.9873512983322144,0.9999999403953552,1.9873512983322144,0.827,11.3522
828,2.0173799991607666,0.9999999403953552,2.0173799991607666,0.828,11.6017
829,1.9635472297668457,0.9999999403953552,1.9635472297668457,0.829,11.4341
830,1.9952598810195923,0.9999999403953552,1.9952598810195923,0.83,11.5859
831,2.039417266845703,0.9999999403953552,2.039417266845703,0.831,11.5088
832,1.9610774517059326,0.9999999403953552,1.9610774517059326,0.832,11.5113
833,2.0089571475982666,0.9999999403953552,2.0089571475982666,0.833,11.5666
834,1.9893499612808228,0.9999999403953552,1.9893499612808228,0.834,11.3878
835,1.9450105428695679,0.9999999403953552,1.9450105428695679,0.835,11.4533
836,2.0465214252471924,0.9999999403953552,2.0465214252471924,0.836,11.3568
837,2.0404529571533203,0.9999999403953552,2.0404529571533203,0.837,11.7464
838,1.9820380210876465,0.9999999403953552,1.9820380210876465,0.838,11.355
839,1.9776411056518555,0.9999999403953552,1.9776411056518555,0.839,11.368
840,1.9593485593795776,0.9999999403953552,1.9593485593795776,0.84,11.3529
841,1.974750280380249,0.9999999403953552,1.974750280380249,0.841,11.3974
842,2.0031840801239014,0.9999999403953552,2.0031840801239014,0.842,11.3557
843,1.9713960886001587,0.9999999403953552,1.9713960886001587,0.843,11.3587
844,2.037626266479492,0.9999999403953552,2.037626266479492,0.844,11.7664
845,2.020954132080078,0.9999999403953552,2.020954132080078,0.845,11.4089
846,2.007652521133423,0.9999999403953552,2.007652521133423,0.846,11.8223
847,2.028588056564331,0.9999999403953552,2.028588056564331,0.847,11.5274
848,1.9371944665908813,0.9999999403953552,1.9371944665908813,0.848,11.3522
849,2.003396987915039,0.9999999403953552,2.003396987915039,0.849,11.588
850,2.0685954093933105,0.9999999403953552,2.0685954093933105,0.85,11.501
851,2.0190224647521973,0.9999999403953552,2.0190224647521973,0.851,11.3591
852,2.0146265029907227,0.9999999403953552,2.0146265029907227,0.852,11.6515
853,2.0528011322021484,0.9999999403953552,2.0528011322021484,0.853,11.4309
854,1.9904382228851318,0.9999999403953552,1.9904382228851318,0.854,11.4175
855,1.9764200448989868,0.9999999403953552,1.9764200448989868,0.855,11.394
856,1.921177864074707,0.9999999403953552,1.921177864074707,0.856,11.5247
857,1.9966678619384766,0.9999999403953552,1.9966678619384766,0.857,11.3523
858,1.946472406387329,0.9999999403953552,1.946472406387329,0.858,11.3792
859,2.0596132278442383,0.9999999403953552,2.0596132278442383,0.859,11.4218
860,2.007261276245117,0.9999999403953552,2.007261276245117,0.86,11.3685
861,2.023942470550537,0.9999999403953552,2.023942470550537,0.861,11.3784
862,1.9257773160934448,0.9999999403953552,1.9257773160934448,0.862,11.3999
863,1.9975816011428833,0.9999999403953552,1.9975816011428833,0.863,11.5824
864,1.9835830926895142,0.9999999403953552,1.9835830926895142,0.864,11.4296
865,2.02236008644104,0.9999999403953552,2.02236008644104,0.865,11.4273
866,1.9972010850906372,0.9999999403953552,1.9972010850906372,0.866,11.361
867,1.9885741472244263,0.9999999403953552,1.9885741472244263,0.867,11.3525
868,2.0276095867156982,0.9999999403953552,2.0276095867156982,0.868,11.5615
869,2.0095877647399902,0.9999999403953552,2.0095877647399902,0.869,11.4674
870,1.9489988088607788,0.9999999403953552,1.9489988088607788,0.87,11.5649
871,1.9664384126663208,0.9999999403953552,1.9664384126663208,0.871,11.3837
872,2.0015463829040527,0.9999999403953552,2.0015463829040527,0.872,11.4021
873,1.9678138494491577,0.9999999403953552,1.9678138494491577,0.873,11.3671
874,2.010775566101074,0.9999999403953552,2.010775566101074,0.874,11.3537
875,1.9998916387557983,0.9999999403953552,1.9998916387557983,0.875,11.4297
876,1.9854706525802612,0.9999999403953552,1.9854706525802612,0.876,11.3617
877,2.0543956756591797,0.9999999403953552,2.0543956756591797,0.877,11.5161
878,2.113157033920288,0.9999999403953552,2.113157033920288,0.878,11.371
879,1.991304636001587,0.9999999403953552,1.991304636001587,0.879,11.3695
880,2.0025453567504883,0.9999999403953552,2.0025453567504883,0.88,11.4153
881,1.951509714126587,0.9999999403953552,1.951509714126587,0.881,11.3559
882,2.0885941982269287,0.9999999403953552,2.0885941982269287,0.882,11.3778
883,2.044266939163208,0.9999999403953552,2.044266939163208,0.883,11.353
884,2.0510902404785156,0.9999999403953552,2.0510902404785156,0.884,11.4006
885,2.0161423683166504,0.9999999403953552,2.0161423683166504,0.885,11.4568
886,2.0182015895843506,0.9999999403953552,2.0182015895843506,0.886,11.6075
887,2.046739339828491,0.9999999403953552,2.046739339828491,0.887,11.3672
888,2.050346612930298,0.9999999403953552,2.050346612930298,0.888,11.3621
889,1.9655705690383911,0.9999999403953552,1.9655705690383911,0.889,11.3771
890,1.9601465463638306,0.9999999403953552,1.9601465463638306,0.89,11.3722
891,2.013638496398926,0.9999999403953552,2.013638496398926,0.891,11.923
892,1.992051124572754,0.9999999403953552,1.992051124572754,0.892,11.3545
893,1.9365363121032715,0.9999999403953552,1.9365363121032715,0.893,11.4142
894,1.9397333860397339,0.9999999403953552,1.9397333860397339,0.894,11.3533
895,2.0468249320983887,0.9999999403953552,2.0468249320983887,0.895,11.375
896,2.011054039001465,0.9999999403953552,2.011054039001465,0.896,11.4205
897,2.000473737716675,0.9999999403953552,2.000473737716675,0.897,11.358
898,1.9521571397781372,0.9999999403953552,1.9521571397781372,0.898,11.3524
899,2.044673442840576,0.9999999403953552,2.044673442840576,0.899,11.5014
900,1.9293925762176514,0.9999999403953552,1.9293925762176514,0.9,11.3744
901,1.991753101348877,0.9999999403953552,1.991753101348877,0.901,11.362
902,2.033667802810669,0.9999999403953552,2.033667802810669,0.902,11.5962
903,2.013484239578247,0.9999999403953552,2.013484239578247,0.903,11.5066
904,1.9734749794006348,0.9999999403953552,1.9734749794006348,0.904,11.5664
905,1.9800302982330322,0.9999999403953552,1.9800302982330322,0.905,11.5607
906,2.0340769290924072,0.9999999403953552,2.0340769290924072,0.906,11.3636
907,1.967990517616272,0.9999999403953552,1.967990517616272,0.907,11.3559
908,1.9637502431869507,0.9999999403953552,1.9637502431869507,0.908,11.4592
909,2.052304744720459,0.9999999403953552,2.052304744720459,0.909,11.5169
910,2.0066158771514893,0.9999999403953552,2.0066158771514893,0.91,11.4135
911,1.9999221563339233,0.9999999403953552,1.9999221563339233,0.911,11.3526
912,2.0362727642059326,0.9999999403953552,2.0362727642059326,0.912,11.3549
913,2.012744426727295,0.9999999403953552,2.012744426727295,0.913,11.357
914,1.9653799533843994,0.9999999403953552,1.9653799533843994,0.914,11.3574
915,2.0483946800231934,0.9999999403953552,2.0483946800231934,0.915,11.3569
916,1.941702127456665,0.9999999403953552,1.941702127456665,0.916,11.3703
917,1.9799888134002686,0.9999999403953552,1.9799888134002686,0.917,11.3573
918,1.9761992692947388,0.9999999403953552,1.9761992692947388,0.918,11.4169
919,2.007251262664795,0.9999999403953552,2.007251262664795,0.919,11.3643
920,1.9770869016647339,0.9999999403953552,1.9770869016647339,0.92,11.4816
921,2.041384220123291,0.9999999403953552,2.041384220123291,0.921,11.5044
922,1.9972267150878906,0.9999999403953552,1.9972267150878906,0.922,11.3896
923,2.0022499561309814,0.9999999403953552,2.0022499561309814,0.923,11.4047
924,1.971900463104248,0.9999999403953552,1.971900463104248,0.924,11.392
925,1.9343513250350952,0.9999999403953552,1.9343513250350952,0.925,11.3764
926,2.009702682495117,0.9999999403953552,2.009702682495117,0.926,11.4646
927,1.9827899932861328,0.9999999403953552,1.9827899932861328,0.927,11.3527
928,1.9590916633605957,0.9999999403953552,1.9590916633605957,0.928,11.3564
929,2.039752960205078,0.9999999403953552,2.039752960205078,0.929,11.3991
930,1.9826602935791016,0.9999999403953552,1.9826602935791016,0.93,11.7419
931,2.0011141300201416,0.9999999403953552,2.0011141300201416,0.931,11.3949
932,1.954703450202942,0.9999999403953552,1.954703450202942,0.932,11.4991
933,2.022134304046631,0.9999999403953552,2.022134304046631,0.933,11.372
934,1.9754505157470703,0.9999999403953552,1.9754505157470703,0.934,11.4638
935,1.979505181312561,0.9999999403953552,1.979505181312561,0.935,11.3524
936,2.021548271179199,0.9999999403953552,2.021548271179199,0.936,11.3704
937,1.9929370880126953,0.9999999403953552,1.9929370880126953,0.937,11.3803
938,2.0053491592407227,0.9999999403953552,2.0053491592407227,0.938,11.3556
939,1.9990676641464233,0.9999999403953552,1.9990676641464233,0.939,11.384
940,1.9402042627334595,0.9999999403953552,1.9402042627334595,0.94,11.3952
941,2.049814224243164,0.9999999403953552,2.049814224243164,0.941,11.4044
942,2.0058720111846924,0.9999999403953552,2.0058720111846924,0.942,11.3548
943,2.0298097133636475,0.9999999403953552,2.0298097133636475,0.943,11.4558
944,1.9933786392211914,0.9999999403953552,1.9933786392211914,0.944,11.3551
945,2.053457736968994,0.9999999403953552,2.053457736968994,0.945,11.3736
946,1.954010248184204,0.9999999403953552,1.954010248184204,0.946,11.3654
947,2.039069175720215,0.9999999403953552,2.039069175720215,0.947,11.6923
948,1.9947270154953003,0.9999999403953552,1.9947270154953003,0.948,11.3584
949,1.928272008895874,0.9999999403953552,1.928272008895874,0.949,11.365
950,2.034379482269287,0.9999999403953552,2.034379482269287,0.95,11.3874
951,1.983507513999939,0.9999999403953552,1.983507513999939,0.951,11.3611
952,2.031405210494995,0.9999999403953552,2.031405210494995,0.952,11.4292
953,2.046941041946411,0.9999999403953552,2.046941041946411,0.953,11.4115
954,2.03505277633667,0.9999999403953552,2.03505277633667,0.954,11.3721
955,1.957846760749817,0.9999999403953552,1.957846760749817,0.955,11.356
956,2.0026540756225586,0.9999999403953552,2.0026540756225586,0.956,11.41
957,2.0588865280151367,0.9999999403953552,2.0588865280151367,0.957,11.4165
958,2.011025905609131,0.9999999403953552,2.011025905609131,0.958,11.3638
959,2.039536714553833,0.9999999403953552,2.039536714553833,0.959,11.5255
960,1.9683293104171753,0.9999999403953552,1.9683293104171753,0.96,11.3602
961,1.999267816543579,0.9999999403953552,1.999267816543579,0.961,11.5225
962,1.9724459648132324,0.9999999403953552,1.9724459648132324,0.962,11.3693
963,2.024744749069214,0.9999999403953552,2.024744749069214,0.963,11.4266
964,2.0446066856384277,0.9999999403953552,2.0446066856384277,0.964,11.5478
965,2.011492967605591,0.9999999403953552,2.011492967605591,0.965,11.6854
966,1.968459963798523,0.9999999403953552,1.968459963798523,0.966,11.4234
967,2.020956516265869,0.9999999403953552,2.020956516265869,0.967,11.7226
968,1.9899046421051025,0.9999999403953552,1.9899046421051025,0.968,11.3952
969,2.0027060508728027,0.9999999403953552,2.0027060508728027,0.969,11.3523
970,2.060976266860962,0.9999999403953552,2.060976266860962,0.97,11.3963
971,1.9912346601486206,0.9999999403953552,1.9912346601486206,0.971,11.4104
972,1.9857748746871948,0.9999999403953552,1.9857748746871948,0.972,11.3603
973,1.9697613716125488,0.9999999403953552,1.9697613716125488,0.973,11.4254
974,2.0602352619171143,0.9999999403953552,2.0602352619171143,0.974,11.5195
975,1.9611084461212158,0.9999999403953552,1.9611084461212158,0.975,11.4538
976,1.95241379737854,0.9999999403953552,1.95241379737854,0.976,11.3522
977,2.0436527729034424,0.9999999403953552,2.0436527729034424,0.977,11.3627
978,2.0459492206573486,0.9999999403953552,2.0459492206573486,0.978,11.6405
979,2.0394773483276367,0.9999999403953552,2.0394773483276367,0.979,11.4138
980,2.0767083168029785,0.9999999403953552,2.0767083168029785,0.98,11.4461
981,2.0172111988067627,0.9999999403953552,2.0172111988067627,0.981,11.3743
982,2.004404306411743,0.9999999403953552,2.004404306411743,0.982,11.6554
983,1.9785475730895996,0.9999999403953552,1.9785475730895996,0.983,11.4285
984,2.01821231842041,0.9999999403953552,2.01821231842041,0.984,11.4345
985,2.06571102142334,0.9999999403953552,2.06571102142334,0.985,11.5613
986,2.0788168907165527,0.9999999403953552,2.0788168907165527,0.986,11.8352
987,2.015591621398926,0.9999999403953552,2.015591621398926,0.987,11.4267
988,2.032069444656372,0.9999999403953552,2.032069444656372,0.988,11.4555
989,2.062156915664673,0.9999999403953552,2.062156915664673,0.989,11.5667
990,1.983812689781189,0.9999999403953552,1.983812689781189,0.99,11.5895
991,1.9198049306869507,0.9999999403953552,1.9198049306869507,0.991,11.3921
992,1.9926905632019043,0.9999999403953552,1.9926905632019043,0.992,11.4341
993,1.9927289485931396,0.9999999403953552,1.9927289485931396,0.993,11.3689
994,2.031754732131958,0.9999999403953552,2.031754732131958,0.994,11.6711
995,1.966493844985962,0.9999999403953552,1.966493844985962,0.995,11.4588
996,2.0031638145446777,0.9999999403953552,2.0031638145446777,0.996,11.5576
997,1.9440499544143677,0.9999999403953552,1.9440499544143677,0.997,11.3781
998,1.9731059074401855,0.9999999403953552,1.9731059074401855,0.998,11.3525
999,1.9678820371627808,0.9999999403953552,1.9678820371627808,0.999,11.366
